Flowcell,Lane,Barcode,FullSampleName,plate_id,well_1,well_2,notes,plexing,Flowcell_order
H3JCHBGX7,0,TTGCTG,18SI-535-2,DNA180412P01,E,9,41,P384AC,3
H3JCHBGX7,0,TTCTCA,18SI-535-6,DNA180412P01,A,10,41,P384AC,3
H3JCHBGX7,0,TTCGTT,18SI-531-7,DNA180412P01,E,3,42,P384AC,3
H3JCHBGX7,0,AAGGCCAACT,18SI-535-3,DNA180412P01,F,9,42,P384AC,3
H3JCHBGX7,0,GGTTG,18SI-535-5,DNA180412P01,H,9,42,P384AC,3
H7VWJAFXX,0,GTGTT,BLANK_DNA161101P02_G02,DNA161101P02,G,2,(17SI-339-7 No Tissue),P384B,1
H7VWJAFXX,0,CCTTCG,BLANK_DNA161101P02_H03,DNA161101P02,H,3,(17SI-341-3 No Tissue),P384B,1
H7VWJAFXX,0,ACGATA,BLANK_DNA161101P02_G10,DNA161101P02,G,10,(17SI-353-3 No Tissue),P384B,1
H7VWJAFXX,0,ATCTCGT,BLANK_DNA161101P03_C01,DNA161101P03,C,1,(17SI-360-2 No Tissue),P384C,1
H7VWJAFXX,0,GTGACACAT,17SI-334-1,DNA161101P01,D,10,(1AS-2),P384A,1
H7VWJAFXX,0,TATGT,17SI-334-2,DNA161101P01,E,10,(1AS-2),P384A,1
H7VWJAFXX,0,CAGTGCCATT,17SI-334-3,DNA161101P01,F,10,(1AS-2),P384A,1
H7VWJAFXX,0,ACAACCAACT,17SI-334-4,DNA161101P01,G,10,(1AS-2),P384A,1
H7VWJAFXX,0,TGCAGA,17SI-334-5,DNA161101P01,H,10,(1AS-2),P384A,1
H7VWJAFXX,0,CATCTGCCG,17SI-335-1,DNA161101P01,A,11,(1AS-2),P384A,1
H7VWJAFXX,0,GGACAG,17SI-335-2,DNA161101P01,B,11,(1AS-2),P384A,1
H7VWJAFXX,0,ATCTGT,17SI-335-3,DNA161101P01,C,11,(1AS-2),P384A,1
H7VWJAFXX,0,AAGACGCT,17SI-335-4,DNA161101P01,D,11,(1AS-2),P384A,1
H7VWJAFXX,0,GAATGCAATA,17SI-335-5,DNA161101P01,E,11,(1AS-2),P384A,1
HV3G5BBXX,8,ATCTGCAACA,18S1-256-1,DNA171213P02,E,3,"(1AS-4, 6BL-3)",P384B,2
HV3G5BBXX,8,AAGGA,18S1-256-2,DNA171213P02,F,3,"(1AS-4, 6BL-3)",P384B,2
HV3G5BBXX,8,TTACT,18S1-256-3,DNA171213P02,G,3,"(1AS-4, 6BL-3)",P384B,2
HV3G5BBXX,8,CCTTCG,18S1-256-4,DNA171213P02,H,3,"(1AS-4, 6BL-3)",P384B,2
HV3G5BBXX,8,TTATCCAT,18S1-257-1,DNA171213P02,A,4,"(1AS-4, 6BL-3)",P384B,2
HV3G5BBXX,8,GGATTG,18S1-257-2,DNA171213P02,B,4,"(1AS-4, 6BL-3)",P384B,2
HV3G5BBXX,8,GACGTGA,18S1-257-3,DNA171213P02,C,4,"(1AS-4, 6BL-3)",P384B,2
HV3G5BBXX,8,GACGGCA,18S1-258-1,DNA171213P02,D,4,"(1AS-4, 6BL-3)",P384B,2
HV3G5BBXX,8,CGTCTG,18S1-258-2,DNA171213P02,E,4,"(1AS-4, 6BL-3)",P384B,2
HV3G5BBXX,8,TCTGA,18S1-258-3,DNA171213P02,F,4,"(1AS-4, 6BL-3)",P384B,2
HV3G5BBXX,8,ATCTTA,18S1-259-1,DNA171213P02,G,4,"(1AS-4, 6BL-3)",P384B,2
HV3G5BBXX,8,TGTATACAG,18S1-259-2,DNA171213P02,H,4,"(1AS-4, 6BL-3)",P384B,2
HV3G5BBXX,8,AACTT,18S1-259-3,DNA171213P02,A,5,"(1AS-4, 6BL-3)",P384B,2
HV3G5BBXX,8,GAGTCACAAT,18S1-260-1,DNA171213P02,B,5,"(1AS-4, 6BL-3)",P384B,2
HV3G5BBXX,8,CGGTTGCAT,18S1-260-2,DNA171213P02,C,5,"(1AS-4, 6BL-3)",P384B,2
HV3G5BBXX,8,TGTGACAAGA,18S1-260-3,DNA171213P02,D,5,"(1AS-4, 6BL-3)",P384B,2
HV3G5BBXX,8,CCGAT,18S1-293-1,DNA171213P03,G,7,"(1AS-5, 5AS-11, 6DL-13)",P384C,2
HV3G5BBXX,8,TCCTCCA,18S1-293-2,DNA171213P03,H,7,"(1AS-5, 5AS-11, 6DL-13)",P384C,2
HV3G5BBXX,8,ACACG,18S1-293-3,DNA171213P03,A,8,"(1AS-5, 5AS-11, 6DL-13)",P384C,2
HV3G5BBXX,8,CGCAAGA,18S1-294-1,DNA171213P03,B,8,"(1AS-5, 5AS-11, 6DL-13)",P384C,2
HV3G5BBXX,8,ACACAACA,18S1-294-2,DNA171213P03,C,8,"(1AS-5, 5AS-11, 6DL-13)",P384C,2
HV3G5BBXX,8,ATATT,18S1-295-1,DNA171213P03,D,8,"(1AS-5, 5AS-11, 6DL-13)",P384C,2
HV3G5BBXX,8,GTCTCAACG,18S1-295-2,DNA171213P03,E,8,"(1AS-5, 5AS-11, 6DL-13)",P384C,2
HV3G5BBXX,8,CCGCA,18S1-296-1,DNA171213P03,F,8,"(1AS-5, 5AS-11, 6DL-13)",P384C,2
HV3G5BBXX,8,TCGTGACAGT,18S1-296-2,DNA171213P03,G,8,"(1AS-5, 5AS-11, 6DL-13)",P384C,2
HV3G5BBXX,8,GTTCGGT,18S1-291-1,DNA171213P03,A,7,(1AS-5),P384C,2
HV3G5BBXX,8,GCCGCAAT,18S1-291-2,DNA171213P03,B,7,(1AS-5),P384C,2
HV3G5BBXX,8,CATAAG,18S1-291-3,DNA171213P03,C,7,(1AS-5),P384C,2
HV3G5BBXX,8,TTGAGACAG,18S1-292-1,DNA171213P03,D,7,(1AS-5),P384C,2
HV3G5BBXX,8,ACCGTCCAT,18S1-292-2,DNA171213P03,E,7,(1AS-5),P384C,2
HV3G5BBXX,8,GCGTGCCAGA,18S1-292-3,DNA171213P03,F,7,(1AS-5),P384C,2
H7VWJAFXX,0,TGACGCCA,17SI-310-1,DNA161101P01,A,1,(1BL-6),P384A,1
H7VWJAFXX,0,CAGATA,17SI-310-2,DNA161101P01,B,1,(1BL-6),P384A,1
H7VWJAFXX,0,GAAGTG,17SI-310-3,DNA161101P01,C,1,(1BL-6),P384A,1
H7VWJAFXX,0,TAGCGGAT,17SI-311-1,DNA161101P01,D,1,(1BL-6),P384A,1
H7VWJAFXX,0,TATTCGCAT,17SI-311-2,DNA161101P01,E,1,(1BL-6),P384A,1
H7VWJAFXX,0,ATAGAT,17SI-311-3,DNA161101P01,F,1,(1BL-6),P384A,1
H7VWJAFXX,0,CCGAACA,17SI-311-4,DNA161101P01,G,1,(1BL-6),P384A,1
H7VWJAFXX,0,GGAAGACAT,17SI-312-1,DNA161101P01,H,1,(1BL-6),P384A,1
H7VWJAFXX,0,GGCTTA,17SI-312-2,DNA161101P01,A,2,(1BL-6),P384A,1
H7VWJAFXX,0,AACGCACATT,17SI-312-3,DNA161101P01,B,2,(1BL-6),P384A,1
H7VWJAFXX,0,GGATTG,17SI-342-1,DNA161101P02,B,4,(1BL-7),P384B,1
H7VWJAFXX,0,GACGTGA,17SI-342-2,DNA161101P02,C,4,(1BL-7),P384B,1
H7VWJAFXX,0,GACGGCA,17SI-342-3,DNA161101P02,D,4,(1BL-7),P384B,1
H7VWJAFXX,0,CGTCTG,17SI-342-4,DNA161101P02,E,4,(1BL-7),P384B,1
H7VWJAFXX,0,TCTGA,17SI-342-5,DNA161101P02,F,4,(1BL-7),P384B,1
H7VWJAFXX,0,ATCTTA,17SI-343-1,DNA161101P02,G,4,(1BL-7),P384B,1
H7VWJAFXX,0,TGTATACAG,17SI-343-2,DNA161101P02,H,4,(1BL-7),P384B,1
H7VWJAFXX,0,AACTT,17SI-343-3,DNA161101P02,A,5,(1BL-7),P384B,1
H7VWJAFXX,0,GAGTCACAAT,17SI-343-4,DNA161101P02,B,5,(1BL-7),P384B,1
H7VWJAFXX,0,CGGTTGCAT,17SI-343-5,DNA161101P02,C,5,(1BL-7),P384B,1
H7VWJAFXX,0,TGTGACAAGA,17SI-344-1,DNA161101P02,D,5,(1BL-8),P384B,1
H7VWJAFXX,0,GTCCTGCCA,17SI-344-2,DNA161101P02,E,5,(1BL-8),P384B,1
H7VWJAFXX,0,GTTACA,17SI-345-1,DNA161101P02,F,5,(1BL-8),P384B,1
H7VWJAFXX,0,GCGGA,17SI-345-2,DNA161101P02,G,5,(1BL-8),P384B,1
H7VWJAFXX,0,ATGATACG,17SI-345-3,DNA161101P02,H,5,(1BL-8),P384B,1
H7VWJAFXX,0,CTGTTG,17SI-345-4,DNA161101P02,A,6,(1BL-8),P384B,1
H7VWJAFXX,0,TCAGTAAT,17SI-345-5,DNA161101P02,B,6,(1BL-8),P384B,1
H7VWJAFXX,0,TCACA,17SI-346-1,DNA161101P02,C,6,(1BL-8),P384B,1
H7VWJAFXX,0,GTCGT,17SI-346-2,DNA161101P02,D,6,(1BL-8),P384B,1
H7VWJAFXX,0,ACGCTAA,17SI-346-3,DNA161101P02,E,6,(1BL-8),P384B,1
H7VWJAFXX,0,ATAGG,17SI-347-1,DNA161101P02,F,6,(1BL-9),P384B,1
H7VWJAFXX,0,CCTGCCA,17SI-347-2,DNA161101P02,G,6,(1BL-9),P384B,1
H7VWJAFXX,0,GGTATGAAT,17SI-347-3,DNA161101P02,H,6,(1BL-9),P384B,1
H7VWJAFXX,0,TAAGACA,17SI-347-4,DNA161101P02,A,7,(1BL-9),P384B,1
H7VWJAFXX,0,TGAGA,17SI-347-5,DNA161101P02,B,7,(1BL-9),P384B,1
H7VWJAFXX,0,AATGCAG,17SI-347-6,DNA161101P02,C,7,(1BL-9),P384B,1
H7VWJAFXX,0,CCGTGA,17SI-348-1,DNA161101P02,D,7,(1BL-9),P384B,1
H7VWJAFXX,0,GCCAGACATT,17SI-348-2,DNA161101P02,E,7,(1BL-9),P384B,1
H7VWJAFXX,0,GTGCG,17SI-348-3,DNA161101P02,F,7,(1BL-9),P384B,1
H7VWJAFXX,0,TTACACA,17SI-348-4,DNA161101P02,G,7,(1BL-9),P384B,1
H7VWJAFXX,0,CAATCAT,17SI-338-1,DNA161101P02,F,1,(1BS-19),P384B,1
H7VWJAFXX,0,ACATCACCG,17SI-338-2,DNA161101P02,G,1,(1BS-19),P384B,1
H7VWJAFXX,0,TTGCGCT,17SI-338-3,DNA161101P02,H,1,(1BS-19),P384B,1
H7VWJAFXX,0,CGCAGACACT,17SI-339-1,DNA161101P02,A,2,(1BS-19),P384B,1
H7VWJAFXX,0,TGTGGA,17SI-339-2,DNA161101P02,B,2,(1BS-19),P384B,1
H7VWJAFXX,0,TGGATA,17SI-339-3,DNA161101P02,C,2,(1BS-19),P384B,1
H7VWJAFXX,0,ATAGCGT,17SI-339-4,DNA161101P02,D,2,(1BS-19),P384B,1
H7VWJAFXX,0,CCATAGA,17SI-339-5,DNA161101P02,E,2,(1BS-19),P384B,1
H7VWJAFXX,0,GGCACGCAT,17SI-339-6,DNA161101P02,F,2,(1BS-19),P384B,1
H7VWJAFXX,0,ATTAACAATT,17SI-340-1,DNA161101P02,H,2,(1BS-20),P384B,1
H7VWJAFXX,0,CAATA,17SI-340-2,DNA161101P02,A,3,(1BS-20),P384B,1
H7VWJAFXX,0,TAGTCCAT,17SI-340-3,DNA161101P02,B,3,(1BS-20),P384B,1
H7VWJAFXX,0,CGTGACCT,17SI-340-4,DNA161101P02,C,3,(1BS-20),P384B,1
H7VWJAFXX,0,CTTCAGA,17SI-340-5,DNA161101P02,D,3,(1BS-20),P384B,1
H7VWJAFXX,0,ATCTGCAACA,17SI-340-6,DNA161101P02,E,3,(1BS-20),P384B,1
H7VWJAFXX,0,AAGGA,17SI-341-1,DNA161101P02,F,3,(1BS-20),P384B,1
H7VWJAFXX,0,TTACT,17SI-341-2,DNA161101P02,G,3,(1BS-20),P384B,1
H7VWJAFXX,0,TTATCCAT,17SI-341-4,DNA161101P02,A,4,(1BS-20),P384B,1
H7VWJAFXX,0,TAGCAG,17SI-336-1,DNA161101P01,F,11,(1BS-7),P384A,1
H7VWJAFXX,0,CTTAG,17SI-336-3,DNA161101P01,H,11,(1BS-7),P384A,1
H7VWJAFXX,0,TTATTACAT,17SI-336-4,DNA161101P01,A,12,(1BS-7),P384A,1
H7VWJAFXX,0,GCCAACAAGA,17SI-336-5,DNA161101P01,B,12,(1BS-7),P384A,1
H7VWJAFXX,0,CATCACAAG,17SI-337-1,DNA161101P02,A,1,(1BS-7),P384B,1
H7VWJAFXX,0,TCCAG,17SI-337-2,DNA161101P02,B,1,(1BS-7),P384B,1
H7VWJAFXX,0,AACTGAAG,17SI-337-3,DNA161101P02,C,1,(1BS-7),P384B,1
H7VWJAFXX,0,GATTCA,17SI-337-4,DNA161101P02,D,1,(1BS-7),P384B,1
H7VWJAFXX,0,CAAGCCAATT,17SI-337-5,DNA161101P02,E,1,(1BS-7),P384B,1
H7VWJAFXX,0,ATCCG,BLANK_DNA161101P01_G11,DNA161101P01,G,11,(1BS-7),P384A,1
HV3G5BBXX,8,GGAACGA,18S1-224-1,DNA171213P01,D,4,(2AL-2=Dt2AS),P384A,2
HV3G5BBXX,8,ACAACT,18S1-224-2,DNA171213P01,E,4,(2AL-2=Dt2AS),P384A,2
HV3G5BBXX,8,ACTGCT,18S1-224-3,DNA171213P01,F,4,(2AL-2=Dt2AS),P384A,2
HV3G5BBXX,8,CGTGGACAGT,18S1-224-4,DNA171213P01,G,4,(2AL-2=Dt2AS),P384A,2
HV3G5BBXX,8,TGGCACAGA,18S1-224-5,DNA171213P01,H,4,(2AL-2=Dt2AS),P384A,2
HV3G5BBXX,8,TGCTT,18S1-224-6,DNA171213P01,A,5,(2AL-2=Dt2AS),P384A,2
HV3G5BBXX,8,GCAAGCCAT,18S1-224-7,DNA171213P01,B,5,(2AL-2=Dt2AS),P384A,2
HV3G5BBXX,8,CGCACCAATT,BLANK_DNA171213P01_C05,DNA171213P01,C,5,(2AL-2=Dt2AS),P384A,2
H7VWJAFXX,0,CCGTCACAGT,17SI-349-1,DNA161101P02,H,7,(2AL-3),P384B,1
H7VWJAFXX,0,CTGTGT,17SI-349-2,DNA161101P02,A,8,(2AL-3),P384B,1
H7VWJAFXX,0,CGCGCCG,17SI-349-3,DNA161101P02,B,8,(2AL-3),P384B,1
H7VWJAFXX,0,CTAACA,17SI-349-4,DNA161101P02,C,8,(2AL-3),P384B,1
H7VWJAFXX,0,GGCCTG,17SI-350-1,DNA161101P02,D,8,(2AL-3),P384B,1
H7VWJAFXX,0,TGACGT,17SI-350-2,DNA161101P02,E,8,(2AL-3),P384B,1
H7VWJAFXX,0,ACTGAG,17SI-350-3,DNA161101P02,F,8,(2AL-3),P384B,1
H7VWJAFXX,0,GCGCACT,17SI-350-4,DNA161101P02,G,8,(2AL-3),P384B,1
H7VWJAFXX,0,GGTAAGCA,17SI-350-5,DNA161101P02,H,8,(2AL-3),P384B,1
H7VWJAFXX,0,AATCGGAGG,17SI-350-6,DNA161101P02,A,9,(2AL-3),P384B,1
H7VWJAFXX,0,TGGAGCCT,17SI-351-1,DNA161101P02,B,9,(2AL-4),P384B,1
H7VWJAFXX,0,GATGGCCAT,17SI-351-2,DNA161101P02,C,9,(2AL-4),P384B,1
H7VWJAFXX,0,TGCAA,17SI-351-3,DNA161101P02,D,9,(2AL-4),P384B,1
H7VWJAFXX,0,AACGG,17SI-351-4,DNA161101P02,E,9,(2AL-4),P384B,1
H7VWJAFXX,0,GAGACG,17SI-351-5,DNA161101P02,F,9,(2AL-4),P384B,1
H7VWJAFXX,0,CTTCCGCAA,17SI-357-4,DNA161101P02,H,11,(2BL-1 ),P384B,1
H7VWJAFXX,0,TACAAG,17SI-358-1,DNA161101P02,A,12,(2BL-1 ),P384B,1
H7VWJAFXX,0,TTCAGCCAGT,17SI-358-2,DNA161101P02,B,12,(2BL-1 ),P384B,1
H7VWJAFXX,0,TGAAGCAACT,17SI-358-3,DNA161101P02,C,12,(2BL-1 ),P384B,1
H7VWJAFXX,0,ACAACGCAT,17SI-358-4,DNA161101P02,D,12,(2BL-1 ),P384B,1
H7VWJAFXX,0,GGCGGACGA,17SI-358-5,DNA161101P02,E,12,(2BL-1 ),P384B,1
HV3G5BBXX,8,TGACGCCA,18S1-216-1,DNA171213P01,A,1,(2BL-1),P384A,2
HV3G5BBXX,8,CAGATA,18S1-216-2,DNA171213P01,B,1,(2BL-1),P384A,2
HV3G5BBXX,8,GAAGTG,18S1-216-3,DNA171213P01,C,1,(2BL-1),P384A,2
HV3G5BBXX,8,TAGCGGAT,18S1-217-1,DNA171213P01,D,1,(2BL-1),P384A,2
HV3G5BBXX,8,TATTCGCAT,18S1-217-2,DNA171213P01,E,1,(2BL-1),P384A,2
HV3G5BBXX,8,ATAGAT,18S1-217-3,DNA171213P01,F,1,(2BL-1),P384A,2
H7VWJAFXX,0,GAACTT,17SI-363-1,DNA161101P03,A,2,"(2BL-11, 7AS-1)",P384C,1
H7VWJAFXX,0,ATGCT,17SI-363-2,DNA161101P03,B,2,"(2BL-11, 7AS-1)",P384C,1
H7VWJAFXX,0,ATTCCAA,17SI-363-3,DNA161101P03,C,2,"(2BL-11, 7AS-1)",P384C,1
H7VWJAFXX,0,GACACACT,17SI-363-4,DNA161101P03,D,2,"(2BL-11, 7AS-1)",P384C,1
H7VWJAFXX,0,CGCGT,17SI-364-1,DNA161101P03,E,2,"(2BL-11, 7AS-1)",P384C,1
H7VWJAFXX,0,CATACGCG,17SI-364-2,DNA161101P03,F,2,"(2BL-11, 7AS-1)",P384C,1
H7VWJAFXX,0,CTATCACT,17SI-364-3,DNA161101P03,G,2,"(2BL-11, 7AS-1)",P384C,1
H7VWJAFXX,0,CTGAACCA,17SI-364-4,DNA161101P03,H,2,"(2BL-11, 7AS-1)",P384C,1
H7VWJAFXX,0,TCTCCGT,17SI-364-5,DNA161101P03,A,3,"(2BL-11, 7AS-1)",P384C,1
HV3G5BBXX,8,CCGAACA,18S1-218-1,DNA171213P01,G,1,(2BL-3),P384A,2
HV3G5BBXX,8,GGAAGACAT,18S1-218-2,DNA171213P01,H,1,(2BL-3),P384A,2
HV3G5BBXX,8,GGCTTA,18S1-218-3,DNA171213P01,A,2,(2BL-3),P384A,2
HV3G5BBXX,8,AACGCACATT,18S1-219-1,DNA171213P01,B,2,(2BL-3),P384A,2
HV3G5BBXX,8,GAGCGACAT,18S1-219-2,DNA171213P01,C,2,(2BL-3),P384A,2
HV3G5BBXX,8,CCTTGCCATT,18S1-219-3,DNA171213P01,D,2,(2BL-3),P384A,2
HV3G5BBXX,8,GGTATA,18S1-220-1,DNA171213P01,E,2,(2BL-3),P384A,2
HV3G5BBXX,8,TCTTGG,18S1-220-2,DNA171213P01,F,2,(2BL-3),P384A,2
HV3G5BBXX,8,GGTGT,18S1-220-3,DNA171213P01,G,2,(2BL-3),P384A,2
H7VWJAFXX,0,ATCGTACGT,17SI-359-2,DNA161101P02,F,12,(2BL-3),P384B,1
H7VWJAFXX,0,CTCTCCAG,17SI-359-3,DNA161101P03,A,1,(2BL-3),P384C,1
H7VWJAFXX,0,TAATTG,17SI-360-1,DNA161101P03,B,1,(2BL-3),P384C,1
H7VWJAFXX,0,GACAACT,17SI-362-1,DNA161101P03,D,1,(2BL-7),P384C,1
H7VWJAFXX,0,CTCGCAA,17SI-362-2,DNA161101P03,E,1,(2BL-7),P384C,1
H7VWJAFXX,0,TGGACACT,17SI-362-3,DNA161101P03,F,1,(2BL-7),P384C,1
H7VWJAFXX,0,TGTCAAT,17SI-362-4,DNA161101P03,G,1,(2BL-7),P384C,1
H7VWJAFXX,0,TCCTGCT,17SI-362-5,DNA161101P03,H,1,(2BL-7),P384C,1
H7VWJAFXX,0,CAGTAA,17SI-354-1,DNA161101P02,H,10,"(2BS-14, 1AL-6)",P384B,1
H7VWJAFXX,0,GGAGAGCAT,17SI-354-2,DNA161101P02,A,11,"(2BS-14, 1AL-6)",P384B,1
H7VWJAFXX,0,CCATG,17SI-354-3,DNA161101P02,B,11,"(2BS-14, 1AL-6)",P384B,1
H7VWJAFXX,0,CGCTCACACA,17SI-354-4,DNA161101P02,C,11,"(2BS-14, 1AL-6)",P384B,1
H7VWJAFXX,0,TGTTACG,17SI-354-5,DNA161101P02,D,11,"(2BS-14, 1AL-6)",P384B,1
H7VWJAFXX,0,GATTGGAAGA,17SI-355-1,DNA161101P02,E,11,"(2BS-14, 1AL-6)",P384B,1
H7VWJAFXX,0,AATAAGAGT,17SI-355-2,DNA161101P02,F,11,"(2BS-14, 1AL-6)",P384B,1
H7VWJAFXX,0,GAGCAA,17SI-355-3,DNA161101P02,G,11,"(2BS-14, 1AL-6)",P384B,1
H7VWJAFXX,0,CTTATCA,17SI-352-1,DNA161101P02,G,9,(2BS-2),P384B,1
H7VWJAFXX,0,CCGTACCACT,17SI-352-2,DNA161101P02,H,9,(2BS-2),P384B,1
H7VWJAFXX,0,GTAACG,17SI-352-3,DNA161101P02,A,10,(2BS-2),P384B,1
H7VWJAFXX,0,TCCTCACAT,17SI-352-4,DNA161101P02,B,10,(2BS-2),P384B,1
H7VWJAFXX,0,TCGTA,17SI-352-5,DNA161101P02,C,10,(2BS-2),P384B,1
H7VWJAFXX,0,GTATTGACT,17SI-352-6,DNA161101P02,D,10,(2BS-2),P384B,1
H7VWJAFXX,0,GCGCGAG,17SI-353-1,DNA161101P02,E,10,(2BS-2),P384B,1
H7VWJAFXX,0,GCTCA,17SI-353-2,DNA161101P02,F,10,(2BS-2),P384B,1
HV3G5BBXX,8,ACCAGGA,18S1-231,DNA171213P01,A,6,(2DL-1),P384A,2
HV3G5BBXX,8,AATTG,18S1-300-1,DNA171213P03,H,8,(2DL-1),P384C,2
HV3G5BBXX,8,TCCGT,18S1-300-2,DNA171213P03,A,9,(2DL-1),P384C,2
HV3G5BBXX,8,TATAAGCAG,18S1-300-3,DNA171213P03,B,9,(2DL-1),P384C,2
HV3G5BBXX,8,ATTCA,18S1-300-4,DNA171213P03,C,9,(2DL-1),P384C,2
HV3G5BBXX,8,ACATGCCAG,18S1-300-5,DNA171213P03,D,9,(2DL-1),P384C,2
HV3G5BBXX,8,TGCCTA,18S1-301-1,DNA171213P03,E,9,(2DL-1),P384C,2
HV3G5BBXX,8,AAGGCCAACT,18S1-301-2,DNA171213P03,F,9,(2DL-1),P384C,2
HV3G5BBXX,8,ACTCCACG,18S1-301-3,DNA171213P03,G,9,(2DL-1),P384C,2
HV3G5BBXX,8,GGTTG,18S1-301-4,DNA171213P03,H,9,(2DL-1),P384C,2
HV3G5BBXX,8,TTCTCA,18S1-301-5,DNA171213P03,A,10,(2DL-1),P384C,2
HV3G5BBXX,8,CCACTCA,18S1-232-1,DNA171213P01,B,6,(2DL-2),P384A,2
HV3G5BBXX,8,TCACGGAAG,18S1-232-2,DNA171213P01,C,6,(2DL-2),P384A,2
HV3G5BBXX,8,TATCA,18S1-232-3,DNA171213P01,D,6,(2DL-2),P384A,2
HV3G5BBXX,8,TAGCCAA,18S1-232-4,DNA171213P01,E,6,(2DL-2),P384A,2
HV3G5BBXX,8,ATATCGCCA,18S1-232-5,DNA171213P01,F,6,(2DL-2),P384A,2
HV3G5BBXX,8,CTCTA,18S1-233,DNA171213P01,G,6,(2DL-7),P384A,2
HV3G5BBXX,8,GGTGCACATT,18S1-234-1,DNA171213P01,H,6,(2DL-7),P384A,2
HV3G5BBXX,8,CTCTCGCAT,18S1-234-2,DNA171213P01,A,7,(2DL-7),P384A,2
HV3G5BBXX,8,CAGAGGT,18S1-234-3,DNA171213P01,B,7,(2DL-7),P384A,2
HV3G5BBXX,8,GCGTACAAT,18S1-236-1,DNA171213P01,C,7,(2DL-7),P384A,2
HV3G5BBXX,8,ACGCGCG,18S1-236-2,DNA171213P01,D,7,(2DL-7),P384A,2
HV3G5BBXX,8,GTCGCCT,18S1-237-1,DNA171213P01,E,7,(2DL-7),P384A,2
HV3G5BBXX,8,AATAACCAA,18S1-237-2,DNA171213P01,F,7,(2DL-7),P384A,2
HV3G5BBXX,8,AATGAACGA,18S1-238-1,DNA171213P01,G,7,(2DL-7),P384A,2
HV3G5BBXX,8,CGTCGCCACT,18S1-238-2,DNA171213P01,H,7,(2DL-7),P384A,2
H7VWJAFXX,0,GAGCGACAT,17SI-313-1,DNA161101P01,C,2,(2DL-9),P384A,1
H7VWJAFXX,0,CCTTGCCATT,17SI-313-2,DNA161101P01,D,2,(2DL-9),P384A,1
H7VWJAFXX,0,GGTATA,17SI-313-3,DNA161101P01,E,2,(2DL-9),P384A,1
H7VWJAFXX,0,TCTTGG,17SI-314-1,DNA161101P01,F,2,(2DL-9),P384A,1
H7VWJAFXX,0,GGTGT,17SI-314-2,DNA161101P01,G,2,(2DL-9),P384A,1
H7VWJAFXX,0,GGATA,17SI-314-3,DNA161101P01,H,2,(2DL-9),P384A,1
H7VWJAFXX,0,CTAAGCA,17SI-314-4,DNA161101P01,A,3,(2DL-9),P384A,1
HV3G5BBXX,8,CTCGCGG,18S1-225-1,DNA171213P01,D,5,(2DS=Dt2DL),P384A,2
HV3G5BBXX,8,AACTGG,18S1-225-2,DNA171213P01,E,5,(2DS=Dt2DL),P384A,2
HV3G5BBXX,8,ATGAGCAA,18S1-225-3,DNA171213P01,F,5,(2DS=Dt2DL),P384A,2
HV3G5BBXX,8,CTTGA,18S1-225-4,DNA171213P01,G,5,(2DS=Dt2DL),P384A,2
HV3G5BBXX,8,GCGTCCT,18S1-225-5,DNA171213P01,H,5,(2DS=Dt2DL),P384A,2
HV3G5BBXX,8,GGATA,18S1-221-1,DNA171213P01,H,2,(3AL-2),P384A,2
HV3G5BBXX,8,CTAAGCA,18S1-221-2,DNA171213P01,A,3,(3AL-2),P384A,2
HV3G5BBXX,8,ATTAT,18S1-221-3,DNA171213P01,B,3,(3AL-2),P384A,2
HV3G5BBXX,8,GCGCTCA,18S1-222-1,DNA171213P01,C,3,(3AL-2),P384A,2
HV3G5BBXX,8,ACTGCGAT,18S1-222-2,DNA171213P01,D,3,(3AL-2),P384A,2
HV3G5BBXX,8,TTCGTT,18S1-223-1,DNA171213P01,E,3,(3AL-2),P384A,2
HV3G5BBXX,8,ATATAA,18S1-223-2,DNA171213P01,F,3,(3AL-2),P384A,2
HV3G5BBXX,8,TGGCAACAGA,18S1-223-3,DNA171213P01,G,3,(3AL-2),P384A,2
HV3G5BBXX,8,CTCGTCG,18S1-223-4,DNA171213P01,H,3,(3AL-2),P384A,2
HV3G5BBXX,8,GCCTACCT,18S1-223-5,DNA171213P01,A,4,(3AL-2),P384A,2
HV3G5BBXX,8,CACCA,18S1-223-6,DNA171213P01,B,4,(3AL-2),P384A,2
HV3G5BBXX,8,AATTAG,18S1-223-7,DNA171213P01,C,4,(3AL-2),P384A,2
H7VWJAFXX,0,TGTACA,17SI-365-1,DNA161101P03,B,3,(3AL-2),P384C,1
H7VWJAFXX,0,AAGCAACT,17SI-365-2,DNA161101P03,C,3,(3AL-2),P384C,1
H7VWJAFXX,0,ACCGA,17SI-365-3,DNA161101P03,D,3,(3AL-2),P384C,1
H7VWJAFXX,0,GTAAG,17SI-365-4,DNA161101P03,E,3,(3AL-2),P384C,1
H7VWJAFXX,0,TGATCGCT,17SI-365-5,DNA161101P03,F,3,(3AL-2),P384C,1
H7VWJAFXX,0,TGCGG,17SI-366,DNA161101P03,G,3,(3AL-2),P384C,1
H7VWJAFXX,0,ACTAA,17SI-367-1,DNA161101P03,H,3,(3BS-2),P384C,1
H7VWJAFXX,0,GAGGTCCT,17SI-367-2,DNA161101P03,A,4,(3BS-2),P384C,1
H7VWJAFXX,0,TAGCTAT,17SI-367-3,DNA161101P03,B,4,(3BS-2),P384C,1
H7VWJAFXX,0,CAGCGCAAGA,17SI-367-4,DNA161101P03,C,4,(3BS-2),P384C,1
H7VWJAFXX,0,GCTCGCCAT,17SI-367-5,DNA161101P03,D,4,(3BS-2),P384C,1
H7VWJAFXX,0,TGTACCAG,17SI-368-1,DNA161101P03,E,4,(3BS-2),P384C,1
H7VWJAFXX,0,TGTACGCA,17SI-368-2,DNA161101P03,F,4,(3BS-2),P384C,1
H7VWJAFXX,0,TTGGCGCT,17SI-368-3,DNA161101P03,G,4,(3BS-2),P384C,1
H7VWJAFXX,0,GTTCACA,17SI-368-4,DNA161101P03,H,4,(3BS-2),P384C,1
H7VWJAFXX,0,CATGG,17SI-368-5,DNA161101P03,A,5,(3BS-2),P384C,1
HV3G5BBXX,8,AACGTGCCT,18S1-241-1,DNA171213P01,C,8,(3DL-1),P384A,2
HV3G5BBXX,8,CCTCG,18S1-241-2,DNA171213P01,D,8,(3DL-1),P384A,2
HV3G5BBXX,8,CTCAT,18S1-241-3,DNA171213P01,E,8,(3DL-1),P384A,2
HV3G5BBXX,8,ACGGTACT,18S1-241-4,DNA171213P01,F,8,(3DL-1),P384A,2
HV3G5BBXX,8,GCGCCG,18S1-241-5,DNA171213P01,G,8,(3DL-1),P384A,2
HV3G5BBXX,8,TCCGAG,18S1-243-1,DNA171213P01,A,9,(3DL-1),P384A,2
HV3G5BBXX,8,TAGATGA,18S1-243-2,DNA171213P01,B,9,(3DL-1),P384A,2
HV3G5BBXX,8,TGGCCAG,18S1-244-1,DNA171213P01,C,9,(3DL-1),P384A,2
HV3G5BBXX,8,GCACGAT,18S1-244-2,DNA171213P01,D,9,(3DL-1),P384A,2
HV3G5BBXX,8,TTGCTG,18S1-244-3,DNA171213P01,E,9,(3DL-1),P384A,2
H7VWJAFXX,0,ACTACAAT,17SI-369,DNA161101P03,B,5,(3DS-1),P384C,1
H7VWJAFXX,0,GACTAACT,17SI-370-1,DNA161101P03,C,5,(3DS-1),P384C,1
H7VWJAFXX,0,ATGGTGA,17SI-370-2,DNA161101P03,D,5,(3DS-1),P384C,1
HV3G5BBXX,8,CCATCCAA,18S1-239,DNA171213P03,H,6,(3DS-2),P384C,2
HV3G5BBXX,8,ATGGCAA,18S1-240-1,DNA171213P01,A,8,(3DS-2),P384A,2
HV3G5BBXX,8,GAAGCA,18S1-240-2,DNA171213P01,B,8,(3DS-2),P384A,2
H7VWJAFXX,0,TATTGCAG,17SI-370-3,DNA161101P03,E,5,(3DS-2),P384C,1
H7VWJAFXX,0,ATCTGACT,17SI-371-1,DNA161101P03,F,5,(3DS-2),P384C,1
H7VWJAFXX,0,GTCACGA,17SI-371-2,DNA161101P03,G,5,(3DS-2),P384C,1
H7VWJAFXX,0,AACGACCACA,17SI-372-1,DNA161101P03,H,5,(3DS-2),P384C,1
H7VWJAFXX,0,CGCCTCAT,17SI-372-2,DNA161101P03,A,6,(3DS-2),P384C,1
H7VWJAFXX,0,ATTAT,17SI-315-1,DNA161101P01,B,3,(4AL-12),P384A,1
H7VWJAFXX,0,GCGCTCA,17SI-315-2,DNA161101P01,C,3,(4AL-12),P384A,1
H7VWJAFXX,0,ACTGCGAT,17SI-315-3,DNA161101P01,D,3,(4AL-12),P384A,1
H7VWJAFXX,0,TTCGTT,17SI-315-4,DNA161101P01,E,3,(4AL-12),P384A,1
H7VWJAFXX,0,CTCGTCG,17SI-317,DNA161101P01,H,3,(4AL-12),P384A,1
H7VWJAFXX,0,GCCTACCT,17SI-318-1,DNA161101P01,A,4,(4AL-12),P384A,1
H7VWJAFXX,0,CACCA,17SI-318-2,DNA161101P01,B,4,(4AL-12),P384A,1
H7VWJAFXX,0,AATTAG,17SI-318-3,DNA161101P01,C,4,(4AL-12),P384A,1
H7VWJAFXX,0,ATATAA,BLANK_DNA161101P01_F03,DNA161101P01,F,3,(4AL-12),P384A,1
H7VWJAFXX,0,TGGCAACAGA,BLANK_DNA161101P01_G03,DNA161101P01,G,3,(4AL-12),P384A,1
H7VWJAFXX,0,GGAACGA,17SI-319-1,DNA161101P01,D,4,(4AL-13),P384A,1
H7VWJAFXX,0,ACAACT,17SI-319-2,DNA161101P01,E,4,(4AL-13),P384A,1
H7VWJAFXX,0,ACTGCT,17SI-319-3,DNA161101P01,F,4,(4AL-13),P384A,1
H7VWJAFXX,0,CGTGGACAGT,17SI-320-1,DNA161101P01,G,4,(4AL-13),P384A,1
H7VWJAFXX,0,TGGCACAGA,17SI-320-2,DNA161101P01,H,4,(4AL-13),P384A,1
H7VWJAFXX,0,TGCTT,17SI-320-3,DNA161101P01,A,5,(4AL-13),P384A,1
H7VWJAFXX,0,GCAAGCCAT,17SI-320-4,DNA161101P01,B,5,(4AL-13),P384A,1
H7VWJAFXX,0,CGCACCAATT,17SI-320-5,DNA161101P01,C,5,(4AL-13),P384A,1
H7VWJAFXX,0,CTTATG,17SI-373-1,DNA161101P03,B,6,(4AS-2),P384C,1
H7VWJAFXX,0,TAGAG,17SI-373-2,DNA161101P03,C,6,(4AS-2),P384C,1
H7VWJAFXX,0,GGCAT,17SI-373-3,DNA161101P03,D,6,(4AS-2),P384C,1
H7VWJAFXX,0,CCGACG,17SI-373-4,DNA161101P03,E,6,(4AS-2),P384C,1
H7VWJAFXX,0,TGGTCAAG,17SI-374-1,DNA161101P03,F,6,(4AS-2),P384C,1
H7VWJAFXX,0,ACCAAG,17SI-374-2,DNA161101P03,G,6,(4AS-2),P384C,1
H7VWJAFXX,0,GTTCGGT,17SI-374-4,DNA161101P03,A,7,(4AS-2),P384C,1
H7VWJAFXX,0,GCCGCAAT,17SI-374-5,DNA161101P03,B,7,(4AS-2),P384C,1
H7VWJAFXX,0,CATAAG,17SI-374-6,DNA161101P03,C,7,(4AS-2),P384C,1
H7VWJAFXX,0,CCATCCAA,17SI-374-3,DNA161101P03,H,6,(4AS2),P384C,1
H7VWJAFXX,0,CTCGCGG,17SI-321-1,DNA161101P01,D,5,"(4BL-5, 6AL-4)",P384A,1
H7VWJAFXX,0,AACTGG,17SI-321-2,DNA161101P01,E,5,"(4BL-5, 6AL-4)",P384A,1
H7VWJAFXX,0,ATGAGCAA,17SI-321-3,DNA161101P01,F,5,"(4BL-5, 6AL-4)",P384A,1
H7VWJAFXX,0,CTTGA,17SI-321-4,DNA161101P01,G,5,"(4BL-5, 6AL-4)",P384A,1
H7VWJAFXX,0,GCGTCCT,17SI-321-5,DNA161101P01,H,5,"(4BL-5, 6AL-4)",P384A,1
H7VWJAFXX,0,ACCAGGA,17SI-321-6,DNA161101P01,A,6,"(4BL-5, 6AL-4)",P384A,1
H7VWJAFXX,0,CCACTCA,17SI-322-1,DNA161101P01,B,6,"(4BL-5, 6AL-4)",P384A,1
H7VWJAFXX,0,TCACGGAAG,17SI-322-2,DNA161101P01,C,6,"(4BL-5, 6AL-4)",P384A,1
H7VWJAFXX,0,TATCA,17SI-323-1,DNA161101P01,D,6,"(4BL-5, 6AL-4)",P384A,1
H7VWJAFXX,0,TAGCCAA,17SI-323-2,DNA161101P01,E,6,"(4BL-5, 6AL-4)",P384A,1
H7VWJAFXX,0,ATATCGCCA,17SI-323-3,DNA161101P01,F,6,"(4BL-5, 6AL-4)",P384A,1
H7VWJAFXX,0,CTCTA,17SI-323-4,DNA161101P01,G,6,"(4BL-5, 6AL-4)",P384A,1
H7VWJAFXX,0,GGTGCACATT,17SI-323-5,DNA161101P01,H,6,"(4BL-5, 6AL-4)",P384A,1
H7VWJAFXX,0,ACACAACA,17SI-378-1,DNA161101P03,C,8,(4BL-6),P384C,1
H7VWJAFXX,0,ATATT,17SI-378-2,DNA161101P03,D,8,(4BL-6),P384C,1
H7VWJAFXX,0,GTCTCAACG,17SI-378-3,DNA161101P03,E,8,(4BL-6),P384C,1
H7VWJAFXX,0,CCGCA,17SI-378-4,DNA161101P03,F,8,(4BL-6),P384C,1
H7VWJAFXX,0,TCGTGACAGT,17SI-378-5,DNA161101P03,G,8,(4BL-6),P384C,1
H7VWJAFXX,0,AATTG,17SI-379-1,DNA161101P03,H,8,(4BL-6),P384C,1
H7VWJAFXX,0,TCCGT,17SI-379-2,DNA161101P03,A,9,(4BL-6),P384C,1
H7VWJAFXX,0,TTGAGACAG,17SI-375-1,DNA161101P03,D,7,"(4BS-5, 4BL-11)",P384C,1
H7VWJAFXX,0,ACCGTCCAT,17SI-375-2,DNA161101P03,E,7,"(4BS-5, 4BL-11)",P384C,1
H7VWJAFXX,0,GCGTGCCAGA,17SI-376-1,DNA161101P03,F,7,"(4BS-5, 4BL-11)",P384C,1
H7VWJAFXX,0,CCGAT,17SI-376-2,DNA161101P03,G,7,"(4BS-5, 4BL-11)",P384C,1
H7VWJAFXX,0,TCCTCCA,17SI-377-1,DNA161101P03,H,7,"(4BS-5, 4BL-11)",P384C,1
H7VWJAFXX,0,ACACG,17SI-377-2,DNA161101P03,A,8,"(4BS-5, 4BL-11)",P384C,1
H7VWJAFXX,0,CGCAAGA,17SI-377-3,DNA161101P03,B,8,"(4BS-5, 4BL-11)",P384C,1
HV3G5BBXX,8,CGCAACCAGT,18S1-245-1,DNA171213P01,F,9,(5AL-20),P384A,2
HV3G5BBXX,8,TCACTG,18S1-245-2,DNA171213P01,G,9,(5AL-20),P384A,2
HV3G5BBXX,8,ACAGT,18S1-245-3,DNA171213P01,H,9,(5AL-20),P384A,2
HV3G5BBXX,8,GGAGTCAAG,18S1-245-4,DNA171213P01,A,10,(5AL-20),P384A,2
HV3G5BBXX,8,TGAAT,18S1-245-5,DNA171213P01,B,10,(5AL-20),P384A,2
HV3G5BBXX,8,CATAT,18S1-246-1,DNA171213P01,C,10,(5AL-20),P384A,2
HV3G5BBXX,8,GTGACACAT,18S1-246-2,DNA171213P01,D,10,(5AL-20),P384A,2
HV3G5BBXX,8,TATGT,18S1-246-3,DNA171213P01,E,10,(5AL-20),P384A,2
HV3G5BBXX,8,CAGTGCCATT,18S1-246-4,DNA171213P01,F,10,(5AL-20),P384A,2
HV3G5BBXX,8,ACAACCAACT,18S1-247-1,DNA171213P01,G,10,(5AL-20),P384A,2
HV3G5BBXX,8,TGCAGA,18S1-247-2,DNA171213P01,H,10,(5AL-20),P384A,2
HV3G5BBXX,8,CATCTGCCG,18S1-247-3,DNA171213P01,A,11,(5AL-20),P384A,2
HV3G5BBXX,8,GGACAG,18S1-248-1,DNA171213P01,B,11,(5AL-20),P384A,2
HV3G5BBXX,8,ATCTGT,18S1-248-2,DNA171213P01,C,11,(5AL-20),P384A,2
HV3G5BBXX,8,AAGACGCT,18S1-248-3,DNA171213P01,D,11,(5AL-20),P384A,2
H7VWJAFXX,0,CTCTCGCAT,17SI-324-1,DNA161101P01,A,7,(5BL-9),P384A,1
H7VWJAFXX,0,CAGAGGT,17SI-324-2,DNA161101P01,B,7,(5BL-9),P384A,1
H7VWJAFXX,0,GCGTACAAT,17SI-324-3,DNA161101P01,C,7,(5BL-9),P384A,1
H7VWJAFXX,0,ACGCGCG,17SI-325-1,DNA161101P01,D,7,(5BL-9),P384A,1
H7VWJAFXX,0,GTCGCCT,17SI-325-2,DNA161101P01,E,7,(5BL-9),P384A,1
H7VWJAFXX,0,AATAACCAA,17SI-325-3,DNA161101P01,F,7,(5BL-9),P384A,1
H7VWJAFXX,0,AATGAACGA,17SI-325-4,DNA161101P01,G,7,(5BL-9),P384A,1
H7VWJAFXX,0,CGTCGCCACT,17SI-325-5,DNA161101P01,H,7,(5BL-9),P384A,1
H7VWJAFXX,0,ATGGCAA,17SI-325-6,DNA161101P01,A,8,(5BL-9),P384A,1
H7VWJAFXX,0,GAAGCA,17SI-325-7,DNA161101P01,B,8,(5BL-9),P384A,1
HV3G5BBXX,8,TGTACCAG,18S1-284-1,DNA171213P03,E,4,"(6AL-6, 1BS-18)",P384C,2
HV3G5BBXX,8,TGTACGCA,18S1-284-2,DNA171213P03,F,4,"(6AL-6, 1BS-18)",P384C,2
HV3G5BBXX,8,TTGGCGCT,18S1-284-3,DNA171213P03,G,4,"(6AL-6, 1BS-18)",P384C,2
HV3G5BBXX,8,GTTCACA,18S1-284-4,DNA171213P03,H,4,"(6AL-6, 1BS-18)",P384C,2
HV3G5BBXX,8,CATGG,18S1-284-5,DNA171213P03,A,5,"(6AL-6, 1BS-18)",P384C,2
HV3G5BBXX,8,ACTACAAT,18S1-285,DNA171213P03,B,5,"(6AL-6, 1BS-18)",P384C,2
HV3G5BBXX,8,GACTAACT,18S1-286-1,DNA171213P03,C,5,"(6AL-6, 1BS-18)",P384C,2
HV3G5BBXX,8,ATGGTGA,18S1-286-2,DNA171213P03,D,5,"(6AL-6, 1BS-18)",P384C,2
HV3G5BBXX,8,TATTGCAG,18S1-286-3,DNA171213P03,E,5,"(6AL-6, 1BS-18)",P384C,2
HV3G5BBXX,8,CTGCCGT,18S1-302-1,DNA171213P03,B,10,"(6AL-7, 4BL-13, 7AL-21)",P384C,2
HV3G5BBXX,8,TTCCA,18S1-302-2,DNA171213P03,C,10,"(6AL-7, 4BL-13, 7AL-21)",P384C,2
HV3G5BBXX,8,GAGCGCT,18S1-302-3,DNA171213P03,D,10,"(6AL-7, 4BL-13, 7AL-21)",P384C,2
HV3G5BBXX,8,GAATGCAATA,18S1-249-1,DNA171213P01,E,11,(6AS-4),P384A,2
HV3G5BBXX,8,TAGCAG,18S1-249-2,DNA171213P01,F,11,(6AS-4),P384A,2
HV3G5BBXX,8,ATCCG,18S1-249-3,DNA171213P01,G,11,(6AS-4),P384A,2
HV3G5BBXX,8,CTTAG,18S1-249-4,DNA171213P01,H,11,(6AS-4),P384A,2
HV3G5BBXX,8,TTATTACAT,18S1-249-5,DNA171213P01,A,12,(6AS-4),P384A,2
HV3G5BBXX,8,GCCAACAAGA,18S1-250-1,DNA171213P01,B,12,(6AS-4),P384A,2
HV3G5BBXX,8,TGCCGCAT,18S1-250-2,DNA171213P01,C,12,(6AS-4),P384A,2
HV3G5BBXX,8,CGTGTCA,18S1-250-3,DNA171213P01,D,12,(6AS-4),P384A,2
HV3G5BBXX,8,CAACCACACA,18S1-250-4,DNA171213P01,E,12,(6AS-4),P384A,2
HV3G5BBXX,8,GCTCCGA,18S1-250-5,DNA171213P01,F,12,(6AS-4),P384A,2
HV3G5BBXX,8,TCAGAGAT,18S1-251-1,DNA171213P01,G,12,(6AS-4),P384A,2
HV3G5BBXX,8,CGTTCA,18S1-251-2,DNA171213P01,H,12,(6AS-4),P384A,2
HV3G5BBXX,8,CAATCAT,18S1-253-1,DNA171213P02,F,1,(6BL-3),P384B,2
HV3G5BBXX,8,ACATCACCG,18S1-253-2,DNA171213P02,G,1,(6BL-3),P384B,2
HV3G5BBXX,8,TTGCGCT,18S1-253-3,DNA171213P02,H,1,(6BL-3),P384B,2
HV3G5BBXX,8,CGCAGACACT,18S1-253-4,DNA171213P02,A,2,(6BL-3),P384B,2
HV3G5BBXX,8,TGTGGA,18S1-253-5,DNA171213P02,B,2,(6BL-3),P384B,2
HV3G5BBXX,8,TGGATA,18S1-254-1,DNA171213P02,C,2,(6BL-3),P384B,2
HV3G5BBXX,8,ATAGCGT,18S1-254-2,DNA171213P02,D,2,(6BL-3),P384B,2
HV3G5BBXX,8,CCATAGA,18S1-254-3,DNA171213P02,E,2,(6BL-3),P384B,2
HV3G5BBXX,8,GGCACGCAT,18S1-254-4,DNA171213P02,F,2,(6BL-3),P384B,2
HV3G5BBXX,8,GTGTT,18S1-254-5,DNA171213P02,G,2,(6BL-3),P384B,2
HV3G5BBXX,8,ATTAACAATT,18S1-255-1,DNA171213P02,H,2,(6BL-3),P384B,2
HV3G5BBXX,8,CAATA,18S1-255-2,DNA171213P02,A,3,(6BL-3),P384B,2
HV3G5BBXX,8,TAGTCCAT,18S1-255-3,DNA171213P02,B,3,(6BL-3),P384B,2
HV3G5BBXX,8,CGTGACCT,18S1-255-4,DNA171213P02,C,3,(6BL-3),P384B,2
HV3G5BBXX,8,CTTCAGA,18S1-255-5,DNA171213P02,D,3,(6BL-3),P384B,2
HV3G5BBXX,8,GTCCTGCCA,18S1-261-1,DNA171213P02,E,5,(6BL-4),P384B,2
HV3G5BBXX,8,GTTACA,18S1-261-2,DNA171213P02,F,5,(6BL-4),P384B,2
HV3G5BBXX,8,GCGGA,18S1-261-3,DNA171213P02,G,5,(6BL-4),P384B,2
HV3G5BBXX,8,ATGATACG,18S1-261-4,DNA171213P02,H,5,(6BL-4),P384B,2
HV3G5BBXX,8,CTGTTG,18S1-261-5,DNA171213P02,A,6,(6BL-4),P384B,2
HV3G5BBXX,8,TCAGTAAT,18S1-262-1,DNA171213P02,B,6,(6BL-4),P384B,2
HV3G5BBXX,8,TCACA,18S1-262-2,DNA171213P02,C,6,(6BL-4),P384B,2
HV3G5BBXX,8,GTCGT,18S1-262-3,DNA171213P02,D,6,(6BL-4),P384B,2
HV3G5BBXX,8,ACGCTAA,18S1-263-1,DNA171213P02,E,6,(6BL-4),P384B,2
HV3G5BBXX,8,ATAGG,18S1-263-2,DNA171213P02,F,6,(6BL-4),P384B,2
HV3G5BBXX,8,CCTGCCA,18S1-263-3,DNA171213P02,G,6,(6BL-4),P384B,2
H7VWJAFXX,0,GCACGAT,17SI-331-1,DNA161101P01,D,9,(6BL-6),P384A,1
H7VWJAFXX,0,TTGCTG,17SI-331-2,DNA161101P01,E,9,(6BL-6),P384A,1
H7VWJAFXX,0,CGCAACCAGT,17SI-332-1,DNA161101P01,F,9,(6BL-6),P384A,1
H7VWJAFXX,0,TCACTG,17SI-332-2,DNA161101P01,G,9,(6BL-6),P384A,1
H7VWJAFXX,0,ACAGT,17SI-333-1,DNA161101P01,H,9,(6BL-6),P384A,1
H7VWJAFXX,0,GGAGTCAAG,17SI-333-2,DNA161101P01,A,10,(6BL-6),P384A,1
H7VWJAFXX,0,TGAAT,17SI-333-3,DNA161101P01,B,10,(6BL-6),P384A,1
H7VWJAFXX,0,CATAT,17SI-333-4,DNA161101P01,C,10,(6BL-6),P384A,1
HV3G5BBXX,8,GGTATGAAT,18S1-264-1,DNA171213P02,H,6,(6BL-8),P384B,2
HV3G5BBXX,8,TAAGACA,18S1-264-2,DNA171213P02,A,7,(6BL-8),P384B,2
HV3G5BBXX,8,TGAGA,18S1-264-3,DNA171213P02,B,7,(6BL-8),P384B,2
HV3G5BBXX,8,AATGCAG,18S1-264-4,DNA171213P02,C,7,(6BL-8),P384B,2
HV3G5BBXX,8,CCGTGA,18S1-264-5,DNA171213P02,D,7,(6BL-8),P384B,2
HV3G5BBXX,8,GCCAGACATT,18S1-265-1,DNA171213P02,E,7,(6BL-8),P384B,2
HV3G5BBXX,8,GTGCG,18S1-265-2,DNA171213P02,F,7,(6BL-8),P384B,2
HV3G5BBXX,8,TTACACA,18S1-265-3,DNA171213P02,G,7,(6BL-8),P384B,2
HV3G5BBXX,8,CCGTCACAGT,18S1-265-4,DNA171213P02,H,7,(6BL-8),P384B,2
HV3G5BBXX,8,CTGTGT,18S1-266-1,DNA171213P02,A,8,(6BL-9),P384B,2
HV3G5BBXX,8,CGCGCCG,18S1-266-2,DNA171213P02,B,8,(6BL-9),P384B,2
HV3G5BBXX,8,CTAACA,18S1-266-3,DNA171213P02,C,8,(6BL-9),P384B,2
HV3G5BBXX,8,GGCCTG,18S1-266-4,DNA171213P02,D,8,(6BL-9),P384B,2
HV3G5BBXX,8,TGACGT,18S1-266-5,DNA171213P02,E,8,(6BL-9),P384B,2
HV3G5BBXX,8,ACTGAG,18S1-267-1,DNA171213P02,F,8,(6BL-9),P384B,2
HV3G5BBXX,8,GCGCACT,18S1-267-2,DNA171213P02,G,8,(6BL-9),P384B,2
HV3G5BBXX,8,GGTAAGCA,18S1-267-3,DNA171213P02,H,8,(6BL-9),P384B,2
HV3G5BBXX,8,AATCGGAGG,18S1-267-4,DNA171213P02,A,9,(6BL-9),P384B,2
HV3G5BBXX,8,TGGAGCCT,18S1-267-5,DNA171213P02,B,9,(6BL-9),P384B,2
HV3G5BBXX,8,ATCTGACT,18S1-287-1,DNA171213P03,F,5,"(6BS-3, 6DL-12)",P384C,2
HV3G5BBXX,8,GTCACGA,18S1-287-2,DNA171213P03,G,5,"(6BS-3, 6DL-12)",P384C,2
HV3G5BBXX,8,AACGACCACA,18S1-288-1,DNA171213P03,H,5,"(6BS-3, 6DL-12)",P384C,2
HV3G5BBXX,8,CGCCTCAT,18S1-288-2,DNA171213P03,A,6,"(6BS-3, 6DL-12)",P384C,2
HV3G5BBXX,8,CTTATG,18S1-288-3,DNA171213P03,B,6,"(6BS-3, 6DL-12)",P384C,2
HV3G5BBXX,8,TAGAG,18S1-289-1,DNA171213P03,C,6,"(6BS-3, 6DL-12)",P384C,2
HV3G5BBXX,8,GGCAT,18S1-289-2,DNA171213P03,D,6,"(6BS-3, 6DL-12)",P384C,2
HV3G5BBXX,8,CCGACG,18S1-289-3,DNA171213P03,E,6,"(6BS-3, 6DL-12)",P384C,2
HV3G5BBXX,8,TGGTCAAG,18S1-289-4,DNA171213P03,F,6,"(6BS-3, 6DL-12)",P384C,2
HV3G5BBXX,8,ACCAAG,18S1-289-5,DNA171213P03,G,6,"(6BS-3, 6DL-12)",P384C,2
H7VWJAFXX,0,AACGTGCCT,17SI-326,DNA161101P01,C,8,"(6BS-3, 6DL-12)",P384A,1
H7VWJAFXX,0,CCTCG,17SI-327,DNA161101P01,D,8,"(6BS-3, 6DL-12)",P384A,1
H7VWJAFXX,0,CTCAT,17SI-328,DNA161101P01,E,8,"(6BS-3, 6DL-12)",P384A,1
H7VWJAFXX,0,ACGGTACT,17SI-329-1,DNA161101P01,F,8,"(6BS-3, 6DL-12)",P384A,1
H7VWJAFXX,0,GCGCCG,17SI-329-2,DNA161101P01,G,8,"(6BS-3, 6DL-12)",P384A,1
H7VWJAFXX,0,CAAGT,17SI-329-3,DNA161101P01,H,8,"(6BS-3, 6DL-12)",P384A,1
H7VWJAFXX,0,TCCGAG,17SI-329-4,DNA161101P01,A,9,"(6BS-3, 6DL-12)",P384A,1
H7VWJAFXX,0,TGGCCAG,17SI-330,DNA161101P01,C,9,"(6BS-3, 6DL-12)",P384A,1
H7VWJAFXX,0,TAGATGA,BLANK_DNA161101P01_B09,DNA161101P01,B,9,"(6BS-3, 6DL-12)",P384A,1
HV3G5BBXX,8,CATCACAAG,18S1-252-1,DNA171213P02,A,1,(6BS-7),P384B,2
HV3G5BBXX,8,TCCAG,18S1-252-2,DNA171213P02,B,1,(6BS-7),P384B,2
HV3G5BBXX,8,AACTGAAG,18S1-252-3,DNA171213P02,C,1,(6BS-7),P384B,2
HV3G5BBXX,8,GATTCA,18S1-252-4,DNA171213P02,D,1,(6BS-7),P384B,2
HV3G5BBXX,8,CAAGCCAATT,18S1-252-5,DNA171213P02,E,1,(6BS-7),P384B,2
HV3G5BBXX,8,GATGGCCAT,18S1-268-1,DNA171213P02,C,9,(6DL-1),P384B,2
HV3G5BBXX,8,TGCAA,18S1-268-2,DNA171213P02,D,9,(6DL-1),P384B,2
HV3G5BBXX,8,AACGG,18S1-268-3,DNA171213P02,E,9,(6DL-1),P384B,2
HV3G5BBXX,8,GAGACG,18S1-268-4,DNA171213P02,F,9,(6DL-1),P384B,2
HV3G5BBXX,8,CTTATCA,18S1-268-5,DNA171213P02,G,9,(6DL-1),P384B,2
HV3G5BBXX,8,CCGTACCACT,18S1-269-1,DNA171213P02,H,9,(6DL-1),P384B,2
HV3G5BBXX,8,GTAACG,18S1-269-2,DNA171213P02,A,10,(6DL-1),P384B,2
HV3G5BBXX,8,TCCTCACAT,18S1-269-3,DNA171213P02,B,10,(6DL-1),P384B,2
HV3G5BBXX,8,TCGTA,18S1-269-4,DNA171213P02,C,10,(6DL-1),P384B,2
HV3G5BBXX,8,GTATTGACT,18S1-270-1,DNA171213P02,D,10,(6DL-1),P384B,2
HV3G5BBXX,8,GCGCGAG,18S1-270-2,DNA171213P02,E,10,(6DL-1),P384B,2
HV3G5BBXX,8,GCTCA,18S1-270-3,DNA171213P02,F,10,(6DL-1),P384B,2
HV3G5BBXX,8,ACGATA,18S1-271-1,DNA171213P02,G,10,(6DL-3),P384B,2
HV3G5BBXX,8,CAGTAA,18S1-271-2,DNA171213P02,H,10,(6DL-3),P384B,2
HV3G5BBXX,8,GGAGAGCAT,18S1-271-3,DNA171213P02,A,11,(6DL-3),P384B,2
HV3G5BBXX,8,CCATG,18S1-271-4,DNA171213P02,B,11,(6DL-3),P384B,2
HV3G5BBXX,8,CGCTCACACA,18S1-272-1,DNA171213P02,C,11,(6DL-3),P384B,2
HV3G5BBXX,8,TGTTACG,18S1-272-2,DNA171213P02,D,11,(6DL-3),P384B,2
HV3G5BBXX,8,GATTGGAAGA,18S1-272-3,DNA171213P02,E,11,(6DL-3),P384B,2
HV3G5BBXX,8,AATAAGAGT,18S1-272-4,DNA171213P02,F,11,(6DL-3),P384B,2
HV3G5BBXX,8,GAGCAA,18S1-272-5,DNA171213P02,G,11,(6DL-5),P384B,2
HV3G5BBXX,8,CTTCCGCAA,18S1-274-1,DNA171213P02,H,11,(6DL-5),P384B,2
HV3G5BBXX,8,TACAAG,18S1-274-2,DNA171213P02,A,12,(6DL-5),P384B,2
HV3G5BBXX,8,CGTAGCAACA,18S1-274-3,DNA171213P03,F,12,(6DL-5),P384C,2
HV3G5BBXX,8,TGAAGCAACT,18S1-276-1,DNA171213P02,C,12,(7DL-8),P384B,2
HV3G5BBXX,8,ACAACGCAT,18S1-276-2,DNA171213P02,D,12,(7DL-8),P384B,2
HV3G5BBXX,8,GGCGGACGA,18S1-276-3,DNA171213P02,E,12,(7DL-8),P384B,2
HV3G5BBXX,8,ATCGTACGT,18S1-276-4,DNA171213P02,F,12,(7DL-8),P384B,2
HV3G5BBXX,8,AATGTA,18S1-276-5,DNA171213P02,G,12,(7DL-8),P384B,2
HV3G5BBXX,8,TTCAGCCAGT,BLANK_DNA171213P02_B12,DNA171213P02,B,12,(Blank),P384B,2
HV3G5BBXX,8,GTACGGACG,BLANK_DNA171213P02_H12,DNA171213P02,H,12,(Blank),P384B,2
HV3G5BBXX,8,TGTTGACG,BLANK_DNA171213P03_G10,DNA171213P03,G,10,(Blank),P384C,2
HV3G5BBXX,8,TAATTAA,18S1-209-1,DNA171213P03,E,10,(Dt4BS),P384C,2
HV3G5BBXX,8,CTCCAA,18S1-209-17,DNA171213P03,E,11,(Dt4BS),P384C,2
HV3G5BBXX,8,TGTGAGG,18S1-209-5,DNA171213P03,F,10,(Dt4BS),P384C,2
HV3G5BBXX,8,ACAGAAT,18S1-209-7,DNA171213P03,C,11,(Dt4BS),P384C,2
HV3G5BBXX,8,ATACTGAG,18S1-209-9,DNA171213P03,D,11,(Dt4BS),P384C,2
HV3G5BBXX,8,TACCT,18S1-210-1,DNA171213P03,H,10,(Dt6AS),P384C,2
HV3G5BBXX,8,GGATGA,18S1-210-11,DNA171213P03,B,11,(Dt6AS),P384C,2
HV3G5BBXX,8,TTAGGA,18S1-210-14,DNA171213P03,F,11,(Dt6AS),P384C,2
HV3G5BBXX,8,CCAAGACAGT,18S1-210-18,DNA171213P03,G,11,(Dt6AS),P384C,2
HV3G5BBXX,8,CCAGGA,18S1-210-6,DNA171213P03,A,11,(Dt6AS),P384C,2
HV3G5BBXX,8,TGTCAAT,18S1-278-1,DNA171213P03,G,1,(N1A-T1B),P384C,2
HV3G5BBXX,8,TCCTGCT,18S1-278-2,DNA171213P03,H,1,(N1A-T1B),P384C,2
HV3G5BBXX,8,GAACTT,18S1-278-3,DNA171213P03,A,2,(N1A-T1B),P384C,2
HV3G5BBXX,8,ATGCT,18S1-278-4,DNA171213P03,B,2,(N1A-T1B),P384C,2
HV3G5BBXX,8,ATTCCAA,18S1-278-5,DNA171213P03,C,2,(N1A-T1B),P384C,2
HV3G5BBXX,8,GACACACT,18S1-278-6,DNA171213P03,D,2,(N1A-T1B),P384C,2
HV3G5BBXX,8,GAGGTCCT,18S1-283-1,DNA171213P03,A,4,(N1A),P384C,2
HV3G5BBXX,8,TAGCTAT,18S1-283-2,DNA171213P03,B,4,(N1A),P384C,2
HV3G5BBXX,8,CAGCGCAAGA,18S1-283-3,DNA171213P03,C,4,(N1A),P384C,2
HV3G5BBXX,8,GCTCGCCAT,18S1-283-4,DNA171213P03,D,4,(N1A),P384C,2
HV3G5BBXX,8,CGCGT,18S1-280-1,DNA171213P03,E,2,(N3B),P384C,2
HV3G5BBXX,8,CATACGCG,18S1-280-2,DNA171213P03,F,2,(N3B),P384C,2
HV3G5BBXX,8,CTATCACT,18S1-280-3,DNA171213P03,G,2,(N3B),P384C,2
HV3G5BBXX,8,CTGAACCA,18S1-280-4,DNA171213P03,H,2,(N3B),P384C,2
HV3G5BBXX,8,TCTCCGT,18S1-280-5,DNA171213P03,A,3,(N3B),P384C,2
HV3G5BBXX,8,TGTACA,18S1-281-1,DNA171213P03,B,3,(N4D),P384C,2
HV3G5BBXX,8,AAGCAACT,18S1-281-2,DNA171213P03,C,3,(N4D),P384C,2
HV3G5BBXX,8,ACCGA,18S1-281-3,DNA171213P03,D,3,(N4D),P384C,2
HV3G5BBXX,8,GTAAG,18S1-281-4,DNA171213P03,E,3,(N4D),P384C,2
HV3G5BBXX,8,CTCTCCAG,18S1-277-1,DNA171213P03,A,1,(N6B-T6A),P384C,2
HV3G5BBXX,8,TAATTG,18S1-277-2,DNA171213P03,B,1,(N6B-T6A),P384C,2
HV3G5BBXX,8,ATCTCGT,18S1-277-3,DNA171213P03,C,1,(N6B-T6A),P384C,2
HV3G5BBXX,8,GACAACT,18S1-277-4,DNA171213P03,D,1,(N6B-T6A),P384C,2
HV3G5BBXX,8,CTCGCAA,18S1-277-5,DNA171213P03,E,1,(N6B-T6A),P384C,2
HV3G5BBXX,8,TGGACACT,18S1-277-6,DNA171213P03,F,1,(N6B-T6A),P384C,2
HV3G5BBXX,8,TGATCGCT,18S1-282-1,DNA171213P03,F,3,(N7A),P384C,2
HV3G5BBXX,8,TGCGG,18S1-282-2,DNA171213P03,G,3,(N7A),P384C,2
HV3G5BBXX,8,ACTAA,18S1-282-3,DNA171213P03,H,3,(N7A),P384C,2
HV3G5BBXX,8,TCATT,18S1-298-1,DNA171213P03,A,12,(TA4518 L15),P384C,2
HV3G5BBXX,8,GAATAGA,18S1-298-2,DNA171213P03,B,12,(TA4518 L15),P384C,2
HV3G5BBXX,8,TTCTG,18S1-273,DNA171213P03,C,12,(TA4545 L5),P384C,2
HV3G5BBXX,8,CAAGT,BLANK_DNA171213P01_H08,DNA171213P01,H,8,"(too small, No tissue colleced)",P384A,2
H3JCHBGX7,0,ATATAA,18SI-531-8,DNA180412P01,F,3,41+t,P384AC,3
H3JCHBGX7,0,ACTCCACG,18SI-535-4,DNA180412P01,G,9,41+t,P384AC,3
H3JCHBGX7,0,TGCGG,18SI-531-9,DNA180412P01,G,3,42+2A,P384AC,3
H3JCHBGX7,0,CATGG,18SI-532-1,DNA180412P01,A,5,4B,P384AC,3
H3JCHBGX7,0,CGCCTCAT,18SI-532-10,DNA180412P01,A,6,4B,P384AC,3
H3JCHBGX7,0,ACTACAAT,18SI-532-2,DNA180412P01,B,5,4B,P384AC,3
H3JCHBGX7,0,CCGCA,18SI-534-5,DNA180412P01,F,8,5D,P384AC,3
H3JCHBGX7,0,GCACGAT,18SI-535-1,DNA180412P01,D,9,6D,P384AC,3
H3JCHBGX7,0,TATGT,18SI-535-10,DNA180412P01,E,10,6D,P384AC,3
H3JCHBGX7,0,CATAT,18SI-535-8,DNA180412P01,C,10,6D,P384AC,3
H3JCHBGX7,0,GTGACACAT,18SI-535-9,DNA180412P01,D,10,6D,P384AC,3
H3JCHBGX7,0,GAAGTG,18SI-530-3,DNA180412P01,C,1,Euploid,P384AC,3
H3JCHBGX7,0,ATAGAT,18SI-530-6,DNA180412P01,F,1,Euploid,P384AC,3
H3JCHBGX7,0,TGTCAAT,18SI-530-7,DNA180412P01,G,1,Euploid,P384AC,3
H3JCHBGX7,0,TCCTGCT,18SI-530-8,DNA180412P01,H,1,Euploid,P384AC,3
H3JCHBGX7,0,TCTCCGT,18SI-531-3,DNA180412P01,A,3,Euploid,P384AC,3
H3JCHBGX7,0,ACTGCGAT,18SI-531-6,DNA180412P01,D,3,Euploid,P384AC,3
H3JCHBGX7,0,GTCACGA,18SI-532-8,DNA180412P01,G,5,Euploid,P384AC,3
H3JCHBGX7,0,GTTCGGT,18SI-533-2,DNA180412P01,A,7,Euploid,P384AC,3
H3JCHBGX7,0,CGCAAGA,18SI-534-2,DNA180412P01,B,8,Euploid,P384AC,3
H3JCHBGX7,0,CTCTCCAG,18SI-530-1,DNA180412P01,A,1,M1A,P384AC,3
H3JCHBGX7,0,TAATTG,18SI-530-2,DNA180412P01,B,1,M1A,P384AC,3
H3JCHBGX7,0,TAGCGGAT,18SI-530-4,DNA180412P01,D,1,M1A,P384AC,3
H3JCHBGX7,0,TATTCGCAT,18SI-530-5,DNA180412P01,E,1,M1A,P384AC,3
H3JCHBGX7,0,CTATCACT,18SI-531-1,DNA180412P01,G,2,M2A,P384AC,3
H3JCHBGX7,0,ACTAA,18SI-531-10,DNA180412P01,H,3,M2A,P384AC,3
H3JCHBGX7,0,CTGAACCA,18SI-531-2,DNA180412P01,H,2,M2A,P384AC,3
H3JCHBGX7,0,TGTACA,18SI-531-4,DNA180412P01,B,3,M2A,P384AC,3
H3JCHBGX7,0,ATGCT,18SI-530-10,DNA180412P01,B,2,-,P384AC,3
H3JCHBGX7,0,GAGCGACAT,18SI-530-11,DNA180412P01,C,2,-,P384AC,3
H3JCHBGX7,0,CCTTGCCATT,18SI-530-13,DNA180412P01,D,2,-,P384AC,3
H3JCHBGX7,0,GGTATA,18SI-530-14,DNA180412P01,E,2,-,P384AC,3
H3JCHBGX7,0,TCTTGG,18SI-530-19,DNA180412P01,F,2,-,P384AC,3
H3JCHBGX7,0,GAACTT,18SI-530-9,DNA180412P01,A,2,-,P384AC,3
H3JCHBGX7,0,GAGGTCCT,18SI-531-11,DNA180412P01,A,4,-,P384AC,3
H3JCHBGX7,0,TAGCTAT,18SI-531-12,DNA180412P01,B,4,-,P384AC,3
H3JCHBGX7,0,AATTAG,18SI-531-13,DNA180412P01,C,4,-,P384AC,3
H3JCHBGX7,0,GGAACGA,18SI-531-14,DNA180412P01,D,4,-,P384AC,3
H3JCHBGX7,0,ACAACT,18SI-531-15,DNA180412P01,E,4,-,P384AC,3
H3JCHBGX7,0,ACTGCT,18SI-531-16,DNA180412P01,F,4,-,P384AC,3
H3JCHBGX7,0,TTGGCGCT,18SI-531-17,DNA180412P01,G,4,-,P384AC,3
H3JCHBGX7,0,GTTCACA,18SI-531-18,DNA180412P01,H,4,-,P384AC,3
H3JCHBGX7,0,GCGCTCA,18SI-531-5,DNA180412P01,C,3,-,P384AC,3
H3JCHBGX7,0,CTTATG,18SI-532-11,DNA180412P01,B,6,-,P384AC,3
H3JCHBGX7,0,TCACGGAAG,18SI-532-12,DNA180412P01,C,6,-,P384AC,3
H3JCHBGX7,0,TATCA,18SI-532-13,DNA180412P01,D,6,-,P384AC,3
H3JCHBGX7,0,TAGCCAA,18SI-532-16,DNA180412P01,E,6,-,P384AC,3
H3JCHBGX7,0,ATATCGCCA,18SI-532-18,DNA180412P01,F,6,-,P384AC,3
H3JCHBGX7,0,ACCAAG,18SI-532-19,DNA180412P01,G,6,-,P384AC,3
H3JCHBGX7,0,CGCACCAATT,18SI-532-3,DNA180412P01,C,5,-,P384AC,3
H3JCHBGX7,0,CTCGCGG,18SI-532-4,DNA180412P01,D,5,-,P384AC,3
H3JCHBGX7,0,AACTGG,18SI-532-6,DNA180412P01,E,5,-,P384AC,3
H3JCHBGX7,0,ATGAGCAA,18SI-532-7,DNA180412P01,F,5,-,P384AC,3
H3JCHBGX7,0,AACGACCACA,18SI-532-9,DNA180412P01,H,5,-,P384AC,3
H3JCHBGX7,0,CCATCCAA,18SI-533-1,DNA180412P01,H,6,-,P384AC,3
H3JCHBGX7,0,GCCGCAAT,18SI-533-3,DNA180412P01,B,7,-,P384AC,3
H3JCHBGX7,0,GCGTACAAT,18SI-533-4,DNA180412P01,C,7,-,P384AC,3
H3JCHBGX7,0,ACGCGCG,18SI-533-5,DNA180412P01,D,7,-,P384AC,3
H3JCHBGX7,0,GTCGCCT,18SI-533-6,DNA180412P01,E,7,-,P384AC,3
H3JCHBGX7,0,GCGTGCCAGA,18SI-533-7,DNA180412P01,F,7,-,P384AC,3
H3JCHBGX7,0,CCGAT,18SI-533-8,DNA180412P01,G,7,-,P384AC,3
H3JCHBGX7,0,TCCTCCA,18SI-533-9,DNA180412P01,H,7,-,P384AC,3
H3JCHBGX7,0,ACACG,18SI-534-1,DNA180412P01,A,8,-,P384AC,3
H3JCHBGX7,0,TGGCCAG,18SI-534-10,DNA180412P01,C,9,-,P384AC,3
H3JCHBGX7,0,AACGTGCCT,18SI-534-3,DNA180412P01,C,8,-,P384AC,3
H3JCHBGX7,0,CCTCG,18SI-534-4,DNA180412P01,D,8,-,P384AC,3
H3JCHBGX7,0,TCGTGACAGT,18SI-534-6,DNA180412P01,G,8,-,P384AC,3
H3JCHBGX7,0,AATTG,18SI-534-7,DNA180412P01,H,8,-,P384AC,3
H3JCHBGX7,0,TCCGT,18SI-534-8,DNA180412P01,A,9,-,P384AC,3
H3JCHBGX7,0,TATAAGCAG,18SI-534-9,DNA180412P01,B,9,-,P384AC,3
H3JCHBGX7,0,TGTGAGG,18SI-535-11,DNA180412P01,F,10,-,P384AC,3
H3JCHBGX7,0,TGTTGACG,18SI-535-12,DNA180412P01,G,10,-,P384AC,3
H3JCHBGX7,0,TACCT,18SI-535-13,DNA180412P01,H,10,-,P384AC,3
H3JCHBGX7,0,CCAGGA,18SI-535-14,DNA180412P01,A,11,-,P384AC,3
H3JCHBGX7,0,GGATGA,18SI-535-15,DNA180412P01,B,11,-,P384AC,3
H3JCHBGX7,0,ATCTGT,18SI-535-16,DNA180412P01,C,11,-,P384AC,3
H3JCHBGX7,0,AAGACGCT,18SI-535-17,DNA180412P01,D,11,-,P384AC,3
H3JCHBGX7,0,GAATGCAATA,18SI-535-18,DNA180412P01,E,11,-,P384AC,3
H3JCHBGX7,0,TTAGGA,18SI-535-19,DNA180412P01,F,11,-,P384AC,3
H3JCHBGX7,0,CCAAGACAGT,18SI-535-20,DNA180412P01,G,11,-,P384AC,3
H3JCHBGX7,0,CTGCCGT,18SI-535-7,DNA180412P01,B,10,-,P384AC,3
H3JCHBGX7,0,CTCAT,BLANK_DNA180412P01_E08,DNA180412P01,E,8,-,P384AC,3
HV3G5BBXX,8,AAGCAGA,BLANK_DNA171213P03_G12,DNA171213P03,G,12,-,P384C,2
HV3G5BBXX,8,CAATTGCT,BLANK_DNA171213P03_H12,DNA171213P03,H,12,-,P384C,2
H7VWJAFXX,0,CAACCACACA,BLANK_DNA161101P01_E12,DNA161101P01,E,12,-,P384A,1
H7VWJAFXX,0,GCTCCGA,BLANK_DNA161101P01_F12,DNA161101P01,F,12,-,P384A,1
H7VWJAFXX,0,TCAGAGAT,BLANK_DNA161101P01_G12,DNA161101P01,G,12,-,P384A,1
H7VWJAFXX,0,CGTTCA,BLANK_DNA161101P01_H12,DNA161101P01,H,12,-,P384A,1
H7VWJAFXX,0,TTCTCA,BLANK_DNA161101P03_A10,DNA161101P03,A,10,-,P384C,1
H7VWJAFXX,0,CCAGGA,BLANK_DNA161101P03_A11,DNA161101P03,A,11,-,P384C,1
H7VWJAFXX,0,TCATT,BLANK_DNA161101P03_A12,DNA161101P03,A,12,-,P384C,1
H7VWJAFXX,0,CTGCCGT,BLANK_DNA161101P03_B10,DNA161101P03,B,10,-,P384C,1
H7VWJAFXX,0,GGATGA,BLANK_DNA161101P03_B11,DNA161101P03,B,11,-,P384C,1
H7VWJAFXX,0,GAATAGA,BLANK_DNA161101P03_B12,DNA161101P03,B,12,-,P384C,1
H7VWJAFXX,0,TTCCA,BLANK_DNA161101P03_C10,DNA161101P03,C,10,-,P384C,1
H7VWJAFXX,0,ACAGAAT,BLANK_DNA161101P03_C11,DNA161101P03,C,11,-,P384C,1
H7VWJAFXX,0,TTCTG,BLANK_DNA161101P03_C12,DNA161101P03,C,12,-,P384C,1
H7VWJAFXX,0,GAGCGCT,BLANK_DNA161101P03_D10,DNA161101P03,D,10,-,P384C,1
H7VWJAFXX,0,ATACTGAG,BLANK_DNA161101P03_D11,DNA161101P03,D,11,-,P384C,1
H7VWJAFXX,0,ACCTAA,BLANK_DNA161101P03_D12,DNA161101P03,D,12,-,P384C,1
H7VWJAFXX,0,TAATTAA,BLANK_DNA161101P03_E10,DNA161101P03,E,10,-,P384C,1
H7VWJAFXX,0,CTCCAA,BLANK_DNA161101P03_E11,DNA161101P03,E,11,-,P384C,1
H7VWJAFXX,0,GCGTAG,BLANK_DNA161101P03_E12,DNA161101P03,E,12,-,P384C,1
H7VWJAFXX,0,TGTGAGG,BLANK_DNA161101P03_F10,DNA161101P03,F,10,-,P384C,1
H7VWJAFXX,0,TTAGGA,BLANK_DNA161101P03_F11,DNA161101P03,F,11,-,P384C,1
H7VWJAFXX,0,CGTAGCAACA,BLANK_DNA161101P03_F12,DNA161101P03,F,12,-,P384C,1
H7VWJAFXX,0,TGTTGACG,BLANK_DNA161101P03_G10,DNA161101P03,G,10,-,P384C,1
H7VWJAFXX,0,CCAAGACAGT,BLANK_DNA161101P03_G11,DNA161101P03,G,11,-,P384C,1
H7VWJAFXX,0,AAGCAGA,BLANK_DNA161101P03_G12,DNA161101P03,G,12,-,P384C,1
H7VWJAFXX,0,TACCT,BLANK_DNA161101P03_H10,DNA161101P03,H,10,-,P384C,1
H7VWJAFXX,0,CATTGA,BLANK_DNA161101P03_H11,DNA161101P03,H,11,-,P384C,1
H7VWJAFXX,0,CAATTGCT,BLANK_DNA161101P03_H12,DNA161101P03,H,12,-,P384C,1
H7VWJAFXX,0,TGCCGCAT,CS,DNA161101P01,C,12,-,P384A,1